<?xml version="1.0" encoding="UTF-8"?>
<?xml-stylesheet type="text/xsl" href="0010_2R_14_wv.xsl"?>
<?oasis-schema href="imt_1_8.rng" type="application/xml"?>
<?oxygen RNGSchema="imt_1_8.rng" type="xml"?>
<TEI xmlns="http://www.tei-c.org/ns/1.0" version="5.0" xml:id="_0010_2R_14"><teiHeader>
  <fileDesc>
    <titleStmt><title>0010_2R_14.jpg</title></titleStmt>
      
    <publicationStmt>
      <p></p></publicationStmt>
    <sourceDesc>
    <p>1671 x 104</p></sourceDesc></fileDesc>
  <encodingDesc><tagsDecl xml:id="imtAnnotationCategories"><rendition xml:id="Line_1"><desc>transcriptional</desc><label>Line_1</label><code rend="rectangle" lang="text/css">color: #ff00ff</code></rendition></tagsDecl><appInfo>
     <application ident="ImageMarkupTool01" version="1.8.2.2" notAfter="2016-04-16T15:05:10">
     <label>
     Image Markup Tool</label><desc>
     Tool for annotating images using TEI</desc><ref type="appURI" target="http://hcmc.uvic.ca/~mholmes/image_markup/">
     </ref><ptr target="#imtAnnotatedImage"></ptr><ptr target="#imtImageAnnotations"></ptr><ptr target="#imtAnnotationCategories"></ptr></application>
     
     
     </appInfo></encodingDesc></teiHeader><facsimile xml:id="imtAnnotatedImage"><surface><graphic url="..\0010_2R_14.jpg" width="1671px" height="104px"></graphic><zone xml:id="imtArea_0" rendition="Line_1" ulx="0" uly="-2" lrx="167" lry="104" rend="visible"></zone><zone xml:id="imtArea_1" rendition="Line_1" ulx="150" uly="-2" lrx="307" lry="102" rend="visible"></zone><zone xml:id="imtArea_2" rendition="Line_1" ulx="305" uly="0" lrx="449" lry="104" rend="visible"></zone><zone xml:id="imtArea_3" rendition="Line_1" ulx="447" uly="0" lrx="645" lry="102" rend="visible"></zone><zone xml:id="imtArea_4" rendition="Line_1" ulx="644" uly="0" lrx="868" lry="103" rend="visible"></zone><zone xml:id="imtArea_5" rendition="Line_1" ulx="867" uly="-2" lrx="1048" lry="105" rend="visible"></zone><zone xml:id="imtArea_6" rendition="Line_1" ulx="1045" uly="0" lrx="1171" lry="103" rend="visible"></zone><zone xml:id="imtArea_7" rendition="Line_1" ulx="1171" uly="-2" lrx="1352" lry="104" rend="visible"></zone><zone xml:id="imtArea_8" rendition="Line_1" ulx="1350" uly="-2" lrx="1551" lry="101" rend="visible"></zone><zone xml:id="imtArea_9" rendition="Line_1" ulx="1550" uly="0" lrx="1670" lry="103" rend="visible"></zone></surface></facsimile><text><body><div xml:id="imtImageAnnotations"><div facs="#imtArea_0" type="imtAnnotation"><head>montis</head><div><p>montſ (wygląda na to, że zastosowano znak U+017F w zastępstwie zbitki liter "is")</p></div></div><div facs="#imtArea_1" type="imtAnnotation"><head>Olimpi</head><div><p>olimpi (poza brakiem wielkiej litery na początku wyrazu oraz zdobnej litery "l" nie widać znaczniejszych zmian w porównaniu do transkrypcji)</p></div></div><div facs="#imtArea_2" type="imtAnnotation"><head>Aurea</head><div><p>αurea (zastosowana na początku wyrazu zdobna litera "A" przypomina mi grecką "α"; ponadto nad drugim "a" zastosowano znak, który na zajęciach przyjęliśmy oznaczać znakiem "COMBINING OVERLINE U+0305")</p></div></div><div facs="#imtArea_3" type="imtAnnotation"><head>victrices</head><div><p>victre (nad literą "r" widnieje znak "COMBINING OVERLINE U+0305")</p></div></div><div facs="#imtArea_4" type="imtAnnotation"><head>obnubit</head><div><p>óbnubıt (o ile specyficzny wygląd liter "b" uznałam za kaligraficzny zamysł autora, o tyle podobieństwo pierwszej litery wyrazy do naszego polskiego "ó" uznałam za warte odnotowania)</p></div></div><div facs="#imtArea_5" type="imtAnnotation"><head>laurea</head><div><p>laurea (ze zdobną literą "l")</p></div></div><div facs="#imtArea_6" type="imtAnnotation"><head>crines</head><div><p>cne (zastosowano tu znak "COMBINING OVERLINE U+0305, ciężko tylko stwierdzić, czy widnieje on przy literze "c", czy też "n")</p></div></div><div facs="#imtArea_7" type="imtAnnotation"><head>Ducit</head><div><p>To słowo sprawiło mi najwięcej problemu. Widac tu dużą, zdobną literę "d" na początku wyrazu, jednakże drugą literę bardzo cieżko już uznać za "u" (bardziej przypominałoby mi mocno ściśnięte "v"). Litery "c" i "t" również nie sprawiają problemu w odczytaniu, ale znak, który według transkrypcji powinien oznaczać "i" bardziej przypomina literę "n" (chyba, że uznamy to za "i" połączone w ów specyficzny sposób z "t"; ja osobiście uznaję to za mało prawdopodobne, przy zapisie litery "i" nie trzeba robić takiej przerwy między literami)</p></div></div><div facs="#imtArea_8" type="imtAnnotation"><head>pompa</head><div><p>pompa</p></div></div><div facs="#imtArea_9" type="imtAnnotation"><head>domum</head><div><p>om (nie wiem, czy ten specyficzy wygląd litery "d" spowodowany był pośpiechem autora - wybrałam z listy MUFI wariant, który najbardziej go przypomina. Ponadto litera "m" została napisana powyżej pozostałych liter - może jest to inny sposób oznaczania skrótu, taki, który obchodzi się bez symbolu uznanego przez nas za "COMBINING OVERLINE U+0305". Niestety, nie znalazłam skrótu na "domum" w słowniku Capelliego)</p></div></div></div></body></text></TEI>
