<?xml version="1.0" encoding="UTF-8"?>
<?xml-stylesheet type="text/xsl" href="2-20_wv.xsl"?>
<?xml-stylesheet type="text/xsl" href="1-1_wv_wv.xsl"?>
<?oasis-schema href="imt_1_8.rng" type="application/xml"?>
<?oxygen RNGSchema="imt_1_8.rng" type="xml"?>
<TEI xmlns="http://www.tei-c.org/ns/1.0" version="5.0" xml:id="_1-1_wv_wv"><teiHeader>
  <fileDesc>
    <titleStmt><title></title></titleStmt>
      
    <publicationStmt>
      <p></p></publicationStmt>
    <sourceDesc>
    <p>4868 x 581 3532 x 196</p></sourceDesc></fileDesc>
  <encodingDesc><tagsDecl xml:id="imtAnnotationCategories"><rendition xml:id="marques"><label>Marques</label><code rend="rectangle" lang="text/css">color: #ffffff</code></rendition><rendition xml:id="line01"><label>Line 1</label><code rend="rectangle" lang="text/css">color: #00ff00</code></rendition><rendition xml:id="line02"><label>Line 2</label><code rend="rectangle" lang="text/css">color: #ff00ff</code></rendition><rendition xml:id="line03"><label>Line 3</label><code rend="rectangle" lang="text/css">color: #ffff00</code></rendition><rendition xml:id="line04"><label>Line 4</label><code rend="rectangle" lang="text/css">color: #00ffff</code></rendition><rendition xml:id="line05"><label>Line 5</label><code rend="rectangle" lang="text/css">color: #800000</code></rendition><rendition xml:id="line06"><label>Line 6</label><code rend="rectangle" lang="text/css">color: #00ff00</code></rendition><rendition xml:id="line07"><label>Line 7</label><code rend="rectangle" lang="text/css">color: #ff00ff</code></rendition><rendition xml:id="line08"><label>Line 8</label><code rend="rectangle" lang="text/css">color: #ffff00</code></rendition><rendition xml:id="line09"><label>Line 9</label><code rend="rectangle" lang="text/css">color: #00ffff</code></rendition><rendition xml:id="line10"><label>Line 10</label><code rend="rectangle" lang="text/css">color: #800000</code></rendition><rendition xml:id="line11"><label>Line 11</label><code rend="rectangle" lang="text/css">color: #00ff00</code></rendition><rendition xml:id="line12"><label>Line 12</label><code rend="rectangle" lang="text/css">color: #ff00ff</code></rendition><rendition xml:id="line13"><label>Line 13</label><code rend="rectangle" lang="text/css">color: #ffff00</code></rendition></tagsDecl><appInfo>
     <application ident="ImageMarkupTool01" version="1.8.2.2" notAfter="2016-05-15T21:41:21">
     <label>
     Image Markup Tool</label><desc>
     Tool for annotating images using TEI</desc><ref type="appURI" target="http://hcmc.uvic.ca/~mholmes/image_markup/">
     </ref><ptr target="#imtAnnotatedImage"></ptr><ptr target="#imtImageAnnotations"></ptr><ptr target="#imtAnnotationCategories"></ptr></application>
     
     
     </appInfo></encodingDesc></teiHeader><facsimile xml:id="imtAnnotatedImage"><surface><graphic url="..\..\2-20.jpg" width="3532px" height="196px"></graphic><zone xml:id="imtArea_0" rendition="line01" ulx="4" uly="-7" lrx="638" lry="155" rend="visible"></zone><zone xml:id="imtArea_1" rendition="line01" ulx="644" uly="-4" lrx="816" lry="145" rend="visible"></zone><zone xml:id="imtArea_2" rendition="line01" ulx="818" uly="-2" lrx="1108" lry="140" rend="visible"></zone><zone xml:id="imtArea_3" rendition="line01" ulx="1110" uly="2" lrx="1378" lry="144" rend="visible"></zone><zone xml:id="imtArea_4" rendition="line01" ulx="1360" uly="5" lrx="1922" lry="147" rend="visible"></zone><zone xml:id="imtArea_5" rendition="line01" ulx="1924" uly="18" lrx="2542" lry="183" rend="visible"></zone><zone xml:id="imtArea_6" rendition="line01" ulx="2550" uly="31" lrx="2919" lry="173" rend="visible"></zone><zone xml:id="imtArea_7" rendition="line01" ulx="2923" uly="25" lrx="3124" lry="167" rend="visible"></zone><zone xml:id="imtArea_8" rendition="line01" ulx="3108" uly="25" lrx="3452" lry="176" rend="visible"></zone></surface></facsimile><text><body><div xml:id="imtImageAnnotations"><div corresp="#imtArea_0" type="imtAnnotation"><head>caracteres</head><div><p>[Annotation text]</p></div></div><div corresp="#imtArea_1" type="imtAnnotation"><head>et</head><div><p>[Annotation text]</p></div></div><div corresp="#imtArea_2" type="imtAnnotation"><head>litteras</head><div><p>[Annotation text]</p></div></div><div corresp="#imtArea_3" type="imtAnnotation"><head>Latini</head><div><p>[Annotation text]</p></div></div><div corresp="#imtArea_4" type="imtAnnotation"><head>ideomatis</head><div><p>[Annotation text]</p></div></div><div corresp="#imtArea_5" type="imtAnnotation"><head>usurpant</head><div><p>[Annotation text]</p></div></div><div corresp="#imtArea_6" type="imtAnnotation"><head>paucis</head><div><p>[Annotation text]</p></div></div><div corresp="#imtArea_7" type="imtAnnotation"><head>circa</head><div><p>[Annotation text]</p></div></div><div corresp="#imtArea_8" type="imtAnnotation"><head>eosdem</head><div><p>[Annotation text]</p></div></div></div></body></text></TEI>
